Code,Name,Geography1,Estimated Population  mid-2017,Births,Deaths,Births minus Deaths,Internal Migration Inflow,Internal Migration Outflow,Internal Migration Net,International Migration Inflow,International Migration Outflow,International Migration Net,Other,Estimated Population  mid-2018,population_estimate
K02000001,UNITED KINGDOM,Country,"66,040,229","743,933","622,944","120,989",0,0,22,"625,927","350,934","274,993",-683,"66,435,550",66435550
K03000001,GREAT BRITAIN,Country,"64,169,395","720,877","606,579","114,298",0,0,-193,"612,827","341,752","271,075",-666,"64,553,909",64553909
K04000001,ENGLAND AND WALES,Country,"58,744,595","668,629","546,668","121,961","43,843","54,036","-10,193","579,927","319,752","260,175",-729,"59,115,809",59115809
E92000001,ENGLAND,Country,"55,619,430","636,776","512,192","124,584","100,459","119,485","-19,026","562,457","308,960","253,497","-1,307","55,977,178",55977178
E12000001,NORTH EAST,Region,"2,644,727","27,104","28,949","-1,845","52,852","49,440","3,412","15,874","4,601","11,273",342,"2,657,909",2657909
E06000047,County Durham,Unitary Authority,"523,662","4,987","5,749",-762,"21,282","19,413","1,869","2,828",637,"2,191",20,"526,980",526980
E06000005,Darlington,Unitary Authority,"106,347","1,124","1,172",-48,"4,223","4,172",51,355,186,169,47,"106,566",106566
E06000001,Hartlepool,Unitary Authority,"93,019","1,009","1,045",-36,"2,837","2,831",6,292,58,234,19,"93,242",93242
E06000002,Middlesbrough,Unitary Authority,"140,639","1,883","1,565",318,"6,599","8,187","-1,588","1,432",247,"1,185",-9,"140,545",140545
E06000057,Northumberland,Unitary Authority,"319,030","2,738","3,789","-1,051","11,750","9,763","1,987",548,237,311,-3,"320,274",320274
E06000003,Redcar and Cleveland,Unitary Authority,"136,005","1,397","1,616",-219,"4,993","4,344",649,309,45,264,19,"136,718",136718
E06000004,Stockton-on-Tees,Unitary Authority,"196,487","2,102","1,958",144,"7,323","7,762",-439,"1,131",286,845,176,"197,213",197213
E11000007,Tyne and Wear (Met County),Metropolitan County,"1,129,538","11,864","12,055",-191,"35,727","34,850",877,"8,979","2,905","6,074",73,"1,136,371",1136371
E08000037,Gateshead,Metropolitan District,"202,419","2,022","2,312",-290,"8,738","9,072",-334,"1,127",449,678,35,"202,508",202508
E08000021,Newcastle upon Tyne,Metropolitan District,"295,842","3,218","2,588",630,"23,581","23,607",-26,"5,481","1,744","3,737",13,"300,196",300196
E08000022,North Tyneside,Metropolitan District,"204,473","2,212","2,292",-80,"8,864","7,637","1,227",579,221,358,7,"205,985",205985
E08000023,South Tyneside,Metropolitan District,"149,555","1,590","1,853",-263,"4,584","3,852",732,329,107,222,19,"150,265",150265
E08000024,Sunderland,Metropolitan District,"277,249","2,822","3,010",-188,"7,421","8,143",-722,"1,463",384,"1,079",-1,"277,417",277417
E12000002,NORTH WEST,Region,"7,258,627","82,179","73,381","8,798","137,812","129,164","8,648","53,391","36,854","16,537",-517,"7,292,093",7292093
E06000008,Blackburn with Darwen,Unitary Authority,"148,772","2,001","1,297",704,"5,079","6,241","-1,162","1,029",417,612,16,"148,942",148942
E06000009,Blackpool,Unitary Authority,"139,870","1,618","1,910",-292,"7,608","7,900",-292,508,490,18,1,"139,305",139305
E06000049,Cheshire East,Unitary Authority,"378,846","3,835","4,184",-349,"17,278","14,829","2,449","1,540","1,662",-122,-34,"380,790",380790
E06000050,Cheshire West and Chester,Unitary Authority,"337,986","3,429","3,381",48,"17,405","15,043","2,362","1,501","1,385",116,-10,"340,502",340502
E06000006,Halton,Unitary Authority,"127,595","1,453","1,239",214,"4,443","3,956",487,392,276,116,20,"128,432",128432
E06000007,Warrington,Unitary Authority,"209,704","2,206","1,979",227,"7,633","8,118",-485,"1,055",885,170,-69,"209,547",209547
E10000006,Cumbria,County,"498,375","4,351","5,749","-1,398","13,595","11,929","1,666","1,625","1,465",160,85,"498,888",498888
E07000026,Allerdale,Non-metropolitan District,"97,213",882,"1,155",-273,"3,510","2,976",534,198,150,48,5,"97,527",97527
E07000027,Barrow-in-Furness,Non-metropolitan District,"67,099",698,769,-71,"1,753","1,751",2,136,72,64,43,"67,137",67137
E07000028,Carlisle,Non-metropolitan District,"108,274","1,040","1,216",-176,"4,176","3,881",295,422,450,-28,22,"108,387",108387
E07000029,Copeland,Non-metropolitan District,"68,689",618,799,-181,"1,780","1,910",-130,129,77,52,-6,"68,424",68424
E07000030,Eden,Non-metropolitan District,"52,779",383,560,-177,"2,433","2,156",277,188,193,-5,7,"52,881",52881
E07000031,South Lakeland,Non-metropolitan District,"104,321",730,"1,250",-520,"5,312","4,624",688,552,523,29,14,"104,532",104532
E11000001,Greater Manchester (Met County),Metropolitan County,"2,798,799","35,101","25,178","9,923","78,220","82,378","-4,158","26,499","18,372","8,127",-122,"2,812,569",2812569
E08000001,Bolton,Metropolitan District,"284,813","3,621","2,637",984,"9,893","11,272","-1,379","1,892",959,933,21,"285,372",285372
E08000002,Bury,Metropolitan District,"189,628","2,192","1,772",420,"8,415","8,584",-169,865,639,226,3,"190,108",190108
E08000003,Manchester,Metropolitan District,"545,501","7,335","3,462","3,873","42,268","47,356","-5,088","13,601","10,337","3,264",77,"547,627",547627
E08000004,Oldham,Metropolitan District,"233,759","3,244","2,108","1,136","7,993","8,378",-385,"1,598",507,"1,091",22,"235,623",235623
E08000005,Rochdale,Metropolitan District,"218,459","2,889","2,112",777,"8,339","8,264",75,"1,406",659,747,-57,"220,001",220001
E08000006,Salford,Metropolitan District,"251,332","3,534","2,234","1,300","17,698","16,518","1,180","3,057","2,333",724,-128,"254,408",254408
E08000007,Stockport,Metropolitan District,"291,045","3,307","2,896",411,"12,736","12,494",242,928,846,82,-5,"291,775",291775
E08000008,Tameside,Metropolitan District,"224,119","2,808","2,522",286,"8,793","8,280",513,816,543,273,6,"225,197",225197
E08000009,Trafford,Metropolitan District,"235,493","2,635","2,065",570,"12,003","11,971",32,"1,028",761,267,8,"236,370",236370
E08000010,Wigan,Metropolitan District,"324,650","3,536","3,370",166,"10,129","9,308",821,"1,308",788,520,-69,"326,088",326088
E10000017,Lancashire,County,"1,201,855","12,384","13,068",-684,"45,066","40,515","4,551","8,133","3,547","4,586",-255,"1,210,053",1210053
E07000117,Burnley,Non-metropolitan District,"87,705","1,135",951,184,"3,660","3,603",57,800,228,572,9,"88,527",88527
E07000118,Chorley,Non-metropolitan District,"115,772","1,108","1,155",-47,"5,950","4,853","1,097",245,198,47,-48,"116,821",116821
E07000119,Fylde,Non-metropolitan District,"78,863",586,"1,101",-515,"5,236","3,838","1,398",222,124,98,-74,"79,770",79770
E07000120,Hyndburn,Non-metropolitan District,"80,410","1,028",880,148,"3,620","3,496",124,229,103,126,7,"80,815",80815
E07000121,Lancaster,Non-metropolitan District,"142,487","1,360","1,495",-135,"9,225","8,865",360,"2,424",882,"1,542",-8,"144,246",144246
E07000122,Pendle,Non-metropolitan District,"90,696","1,162",931,231,"3,470","3,759",-289,949,189,760,7,"91,405",91405
E07000123,Preston,Non-metropolitan District,"141,346","1,732","1,286",446,"8,770","9,346",-576,"1,850","1,106",744,-142,"141,818",141818
E07000124,Ribble Valley,Non-metropolitan District,"59,504",474,646,-172,"3,484","2,851",633,175,81,94,-2,"60,057",60057
E07000125,Rossendale,Non-metropolitan District,"70,365",776,677,99,"3,641","3,295",346,145,60,85,0,"70,895",70895
E07000126,South Ribble,Non-metropolitan District,"110,400","1,104","1,070",34,"5,227","5,127",100,188,194,-6,-1,"110,527",110527
E07000127,West Lancashire,Non-metropolitan District,"113,881",981,"1,283",-302,"6,794","6,704",90,575,284,291,-11,"113,949",113949
E07000128,Wyre,Non-metropolitan District,"110,426",938,"1,593",-655,"6,259","5,048","1,211",331,98,233,8,"111,223",111223
E11000002,Merseyside (Met County),Metropolitan County,"1,416,825","15,801","15,396",405,"41,954","38,724","3,230","11,109","8,355","2,754",-149,"1,423,065",1423065
E08000011,Knowsley,Metropolitan District,"148,560","1,987","1,632",355,"7,151","6,589",562,318,231,87,7,"149,571",149571
E08000012,Liverpool,Metropolitan District,"491,549","5,870","4,632","1,238","29,434","29,369",65,"8,454","6,250","2,204",-242,"494,814",494814
E08000014,Sefton,Metropolitan District,"274,589","2,675","3,346",-671,"10,576","9,315","1,261",960,783,177,40,"275,396",275396
E08000013,St. Helens,Metropolitan District,"179,331","1,972","2,033",-61,"6,384","5,693",691,435,372,63,25,"180,049",180049
E08000015,Wirral,Metropolitan District,"322,796","3,297","3,753",-456,"8,825","8,174",651,942,719,223,21,"323,235",323235
E12000003,YORKSHIRE AND THE HUMBER,Region,"5,450,130","61,047","53,479","7,568","126,337","124,166","2,171","39,846","19,821","20,025",-279,"5,479,615",5479615
E06000011,East Riding of Yorkshire,Unitary Authority,"338,061","2,834","3,990","-1,156","16,381","13,876","2,505",923,544,379,-175,"339,614",339614
E06000010,"Kingston upon Hull, City of",Unitary Authority,"260,673","3,311","2,524",787,"10,409","12,125","-1,716","2,746","1,859",887,14,"260,645",260645
E06000012,North East Lincolnshire,Unitary Authority,"159,826","1,794","1,758",36,"4,511","4,770",-259,573,357,216,2,"159,821",159821
E06000013,North Lincolnshire,Unitary Authority,"171,294","1,716","1,817",-101,"5,743","5,635",108,"1,028",330,698,6,"172,005",172005
E06000014,York,Unitary Authority,"208,163","1,861","1,872",-11,"16,136","15,937",199,"2,832","1,327","1,505",37,"209,893",209893
E10000023,North Yorkshire,County,"611,633","5,374","6,749","-1,375","27,837","24,677","3,160","2,661","1,453","1,208",-121,"614,505",614505
E07000163,Craven,Non-metropolitan District,"56,604",462,654,-192,"3,192","2,882",310,183,75,108,2,"56,832",56832
E07000164,Hambleton,Non-metropolitan District,"90,718",726,964,-238,"4,873","4,441",432,278,116,162,60,"91,134",91134
E07000165,Harrogate,Non-metropolitan District,"160,044","1,387","1,702",-315,"7,799","7,346",453,997,701,296,55,"160,533",160533
E07000166,Richmondshire,Non-metropolitan District,"53,699",504,506,-2,"3,102","3,447",-345,213,72,141,-249,"53,244",53244
E07000167,Ryedale,Non-metropolitan District,"54,311",420,598,-178,"3,235","2,530",705,215,110,105,-23,"54,920",54920
E07000168,Scarborough,Non-metropolitan District,"108,370",945,"1,520",-575,"4,904","4,277",627,518,236,282,32,"108,736",108736
E07000169,Selby,Non-metropolitan District,"87,887",930,805,125,"5,437","4,459",978,257,143,114,2,"89,106",89106
E11000003,South Yorkshire (Met County),Metropolitan County,"1,393,445","15,452","13,601","1,851","44,092","42,607","1,485","11,003","4,903","6,100",37,"1,402,918",1402918
E08000016,Barnsley,Metropolitan District,"243,341","2,711","2,574",137,"8,193","7,121","1,072","1,080",447,633,16,"245,199",245199
E08000017,Doncaster,Metropolitan District,"308,940","3,450","3,238",212,"9,871","9,366",505,"1,756",873,883,2,"310,542",310542
E08000018,Rotherham,Metropolitan District,"263,375","3,009","2,689",320,"9,409","8,787",622,738,391,347,7,"264,671",264671
E08000019,Sheffield,Metropolitan District,"577,789","6,282","5,100","1,182","30,090","30,804",-714,"7,429","3,192","4,237",12,"582,506",582506
E11000006,West Yorkshire (Met County),Metropolitan County,"2,307,035","28,705","21,168","7,537","66,951","70,262","-3,311","18,080","9,048","9,032",-79,"2,320,214",2320214
E08000032,Bradford,Metropolitan District,"534,800","7,355","4,643","2,712","17,453","19,669","-2,216","3,511","1,625","1,886",-9,"537,173",537173
E08000033,Calderdale,Metropolitan District,"209,454","2,373","2,079",294,"7,973","8,154",-181,740,255,485,30,"210,082",210082
E08000034,Kirklees,Metropolitan District,"437,145","5,106","4,011","1,095","15,377","16,770","-1,393","2,763",918,"1,845",35,"438,727",438727
E08000035,Leeds,Metropolitan District,"784,846","9,846","7,000","2,846","43,560","46,078","-2,518","9,740","5,608","4,132",-112,"789,194",789194
E08000036,Wakefield,Metropolitan District,"340,790","4,025","3,435",590,"13,382","10,385","2,997","1,326",642,684,-23,"345,038",345038
E12000004,EAST MIDLANDS,Region,"4,771,666","51,194","46,604","4,590","150,938","133,916","17,022","38,035","27,166","10,869",2,"4,804,149",4804149
E06000015,Derby,Unitary Authority,"257,034","3,151","2,447",704,"13,140","14,252","-1,112","2,520","1,947",573,-25,"257,174",257174
E06000016,Leicester,Unitary Authority,"353,540","4,805","2,514","2,291","21,542","25,127","-3,585","7,768","4,746","3,022",-50,"355,218",355218
E06000018,Nottingham,Unitary Authority,"329,209","4,004","2,429","1,575","31,019","32,846","-1,827","7,503","5,328","2,175",-63,"331,069",331069
E06000017,Rutland,Unitary Authority,"39,474",329,419,-90,"2,824","2,624",200,196,108,88,25,"39,697",39697
E10000007,Derbyshire,County,"791,966","7,536","8,438",-902,"32,438","27,472","4,966","1,475","1,423",52,60,"796,142",796142
E07000032,Amber Valley,Non-metropolitan District,"125,898","1,204","1,319",-115,"6,301","5,413",888,181,177,4,3,"126,678",126678
E07000033,Bolsover,Non-metropolitan District,"79,098",831,892,-61,"4,699","4,275",424,228,173,55,14,"79,530",79530
E07000034,Chesterfield,Non-metropolitan District,"104,579","1,047","1,307",-260,"4,661","4,423",238,190,135,55,16,"104,628",104628
E07000035,Derbyshire Dales,Non-metropolitan District,"71,849",446,761,-315,"3,876","3,484",392,150,113,37,14,"71,977",71977
E07000036,Erewash,Non-metropolitan District,"115,314","1,161","1,154",7,"5,620","5,375",245,176,274,-98,22,"115,490",115490
E07000037,High Peak,Non-metropolitan District,"92,063",860,920,-60,"4,251","4,009",242,214,236,-22,-2,"92,221",92221
E07000038,North East Derbyshire,Non-metropolitan District,"100,780",865,"1,212",-347,"5,465","4,807",658,127,98,29,5,"101,125",101125
E07000039,South Derbyshire,Non-metropolitan District,"102,385","1,122",873,249,"7,561","5,682","1,879",209,217,-8,-12,"104,493",104493
E10000018,Leicestershire,County,"690,212","7,001","6,407",594,"37,809","31,291","6,518","3,248","2,328",920,24,"698,268",698268
E07000129,Blaby,Non-metropolitan District,"98,977","1,070",888,182,"6,725","5,458","1,267",244,257,-13,8,"100,421",100421
E07000130,Charnwood,Non-metropolitan District,"180,387","1,862","1,525",337,"14,268","13,136","1,132","1,791","1,018",773,14,"182,643",182643
E07000131,Harborough,Non-metropolitan District,"91,461",827,841,-14,"5,977","5,012",965,289,201,88,-1,"92,499",92499
E07000132,Hinckley and Bosworth,Non-metropolitan District,"111,370","1,108","1,106",2,"6,129","5,056","1,073",274,304,-30,8,"112,423",112423
E07000133,Melton,Non-metropolitan District,"50,873",506,508,-2,"2,615","2,331",284,109,158,-49,-6,"51,100",51100
E07000134,North West Leicestershire,Non-metropolitan District,"100,109","1,046",961,85,"6,580","4,665","1,915",242,232,10,7,"102,126",102126
E07000135,Oadby and Wigston,Non-metropolitan District,"57,035",582,578,4,"5,249","5,367",-118,299,158,141,-6,"57,056",57056
E10000019,Lincolnshire,County,"751,171","7,297","8,777","-1,480","32,965","28,152","4,813","4,758","3,449","1,309",20,"755,833",755833
E07000136,Boston,Non-metropolitan District,"68,488",796,813,-17,"2,984","3,082",-98,"1,593",596,997,-4,"69,366",69366
E07000137,East Lindsey,Non-metropolitan District,"139,718","1,143","2,010",-867,"8,333","6,581","1,752",350,215,135,3,"140,741",140741
E07000138,Lincoln,Non-metropolitan District,"98,438","1,108",927,181,"10,397","10,014",383,"1,111","1,037",74,-37,"99,039",99039
E07000139,North Kesteven,Non-metropolitan District,"115,230","1,042","1,297",-255,"7,234","6,249",985,236,210,26,-1,"115,985",115985
E07000140,South Holland,Non-metropolitan District,"93,295",972,"1,114",-142,"4,511","3,927",584,818,573,245,-2,"93,980",93980
E07000141,South Kesteven,Non-metropolitan District,"141,662","1,361","1,525",-164,"7,556","6,999",557,469,691,-222,20,"141,853",141853
E07000142,West Lindsey,Non-metropolitan District,"94,340",875,"1,091",-216,"6,154","5,504",650,181,127,54,41,"94,869",94869
E10000021,Northamptonshire,County,"741,209","8,852","6,686","2,166","28,659","26,691","1,968","7,504","5,244","2,260",19,"747,622",747622
E07000150,Corby,Non-metropolitan District,"69,540",903,600,303,"3,298","2,781",517,"1,028",569,459,8,"70,827",70827
E07000151,Daventry,Non-metropolitan District,"82,638",845,777,68,"6,154","4,477","1,677",437,335,102,-1,"84,484",84484
E07000152,East Northamptonshire,Non-metropolitan District,"93,135",967,908,59,"5,661","4,927",734,383,421,-38,16,"93,906",93906
E07000153,Kettering,Non-metropolitan District,"100,252","1,189",900,289,"5,422","4,822",600,588,467,121,4,"101,266",101266
E07000154,Northampton,Non-metropolitan District,"225,656","3,110","1,894","1,216","10,815","13,915","-3,100","4,083","2,711","1,372",2,"225,146",225146
E07000155,South Northamptonshire,Non-metropolitan District,"91,074",897,816,81,"6,757","5,410","1,347",263,241,22,-9,"92,515",92515
E07000156,Wellingborough,Non-metropolitan District,"78,914",941,791,150,"4,484","4,291",193,722,500,222,-1,"79,478",79478
E10000024,Nottinghamshire,County,"817,851","8,219","8,487",-268,"36,381","31,300","5,081","3,063","2,593",470,-8,"823,126",823126
E07000170,Ashfield,Non-metropolitan District,"126,164","1,343","1,275",68,"6,734","5,835",899,283,274,9,11,"127,151",127151
E07000171,Bassetlaw,Non-metropolitan District,"116,304","1,128","1,241",-113,"5,187","4,540",647,444,395,49,-48,"116,839",116839
E07000172,Broxtowe,Non-metropolitan District,"112,718","1,101","1,176",-75,"8,347","7,860",487,669,535,134,8,"113,272",113272
E07000173,Gedling,Non-metropolitan District,"117,128","1,192","1,236",-44,"6,784","6,084",700,231,250,-19,21,"117,786",117786
E07000174,Mansfield,Non-metropolitan District,"108,576","1,219","1,187",32,"5,243","5,103",140,612,519,93,0,"108,841",108841
E07000175,Newark and Sherwood,Non-metropolitan District,"120,965","1,163","1,280",-117,"6,630","5,902",728,390,384,6,-16,"121,566",121566
E07000176,Rushcliffe,Non-metropolitan District,"115,996","1,073","1,092",-19,"8,619","7,139","1,480",434,236,198,16,"117,671",117671
E12000005,WEST MIDLANDS,Region,"5,860,706","68,383","57,057","11,326","135,723","133,000","2,723","50,823","24,906","25,917",85,"5,900,757",5900757
E06000019,"Herefordshire, County of",Unitary Authority,"191,041","1,765","2,158",-393,"7,639","6,904",735,"1,362",698,664,60,"192,107",192107
E06000051,Shropshire,Unitary Authority,"317,459","2,742","3,634",-892,"14,711","11,439","3,272","1,363",911,452,-17,"320,274",320274
E06000021,Stoke-on-Trent,Unitary Authority,"255,378","3,271","2,749",522,"10,560","11,813","-1,253","2,149",955,"1,194",-8,"255,833",255833
E06000020,Telford and Wrekin,Unitary Authority,"175,768","2,061","1,607",454,"8,271","7,232","1,039","1,106",601,505,33,"177,799",177799
E10000028,Staffordshire,County,"870,825","8,405","9,052",-647,"34,709","31,013","3,696","2,967","1,665","1,302",43,"875,219",875219
E07000192,Cannock Chase,Non-metropolitan District,"99,126","1,103",983,120,"4,663","3,913",750,207,81,126,-13,"100,109",100109
E07000193,East Staffordshire,Non-metropolitan District,"117,552","1,332","1,138",194,"5,362","5,035",327,968,572,396,105,"118,574",118574
E07000194,Lichfield,Non-metropolitan District,"103,507",922,"1,143",-221,"5,861","5,218",643,241,137,104,-68,"103,965",103965
E07000195,Newcastle-under-Lyme,Non-metropolitan District,"128,963","1,162","1,348",-186,"8,083","7,545",538,484,314,170,5,"129,490",129490
E07000196,South Staffordshire,Non-metropolitan District,"111,890",983,"1,294",-311,"6,001","5,580",421,144,69,75,51,"112,126",112126
E07000197,Stafford,Non-metropolitan District,"134,764","1,210","1,365",-155,"6,860","5,835","1,025",535,249,286,-40,"135,880",135880
E07000198,Staffordshire Moorlands,Non-metropolitan District,"98,496",813,"1,146",-333,"4,143","3,947",196,118,72,46,-8,"98,397",98397
E07000199,Tamworth,Non-metropolitan District,"76,527",880,635,245,"3,241","3,445",-204,270,171,99,11,"76,678",76678
E10000031,Warwickshire,County,"564,562","5,983","5,775",208,"30,604","25,564","5,040","3,495","2,532",963,237,"571,010",571010
E07000218,North Warwickshire,Non-metropolitan District,"64,069",655,711,-56,"4,370","3,593",777,147,78,69,-9,"64,850",64850
E07000219,Nuneaton and Bedworth,Non-metropolitan District,"128,659","1,559","1,348",211,"5,730","5,789",-59,431,367,64,27,"128,902",128902
E07000220,Rugby,Non-metropolitan District,"106,350","1,197","1,000",197,"5,347","5,025",322,907,583,324,1,"107,194",107194
E07000221,Stratford-on-Avon,Non-metropolitan District,"125,202","1,077","1,440",-363,"8,863","6,419","2,444",724,436,288,9,"127,580",127580
E07000222,Warwick,Non-metropolitan District,"140,282","1,495","1,276",219,"11,412","9,856","1,556","1,286","1,068",218,209,"142,484",142484
E11000005,West Midlands (Met County),Metropolitan County,"2,897,303","38,346","25,714","12,632","85,289","98,310","-13,021","35,534","15,771","19,763",-219,"2,916,458",2916458
E08000025,Birmingham,Metropolitan District,"1,137,123","16,186","8,623","7,563","50,273","60,690","-10,417","16,128","8,954","7,174",-69,"1,141,374",1141374
E08000026,Coventry,Metropolitan District,"360,149","4,365","2,895","1,470","21,097","23,370","-2,273","10,999","3,369","7,630",-191,"366,785",366785
E08000027,Dudley,Metropolitan District,"319,419","3,681","3,344",337,"11,764","11,289",475,869,506,363,32,"320,626",320626
E08000028,Sandwell,Metropolitan District,"325,460","4,592","3,080","1,512","15,409","16,897","-1,488","2,787",887,"1,900",-6,"327,378",327378
E08000029,Solihull,Metropolitan District,"213,933","2,269","2,108",161,"11,535","10,975",560,572,313,259,-4,"214,909",214909
E08000030,Walsall,Metropolitan District,"281,293","3,825","2,908",917,"12,630","12,180",450,"1,303",594,709,9,"283,378",283378
E08000031,Wolverhampton,Metropolitan District,"259,926","3,428","2,756",672,"11,752","12,080",-328,"2,876","1,148","1,728",10,"262,008",262008
E10000034,Worcestershire,County,"588,370","5,810","6,368",-558,"23,588","20,373","3,215","2,847","1,773","1,074",-44,"592,057",592057
E07000234,Bromsgrove,Non-metropolitan District,"97,594",945,"1,112",-167,"6,407","5,304","1,103",254,104,150,-18,"98,662",98662
E07000235,Malvern Hills,Non-metropolitan District,"77,165",555,"1,021",-466,"5,317","4,161","1,156",383,139,244,14,"78,113",78113
E07000236,Redditch,Non-metropolitan District,"85,204",974,730,244,"2,968","3,544",-576,433,320,113,4,"84,989",84989
E07000237,Worcester,Non-metropolitan District,"102,314","1,154",970,184,"6,394","7,143",-749,808,673,135,7,"101,891",101891
E07000238,Wychavon,Non-metropolitan District,"125,378","1,179","1,318",-139,"7,528","5,758","1,770",763,392,371,-40,"127,340",127340
E07000239,Wyre Forest,Non-metropolitan District,"100,715","1,003","1,217",-214,"4,263","3,752",511,206,145,61,-11,"101,062",101062
E12000006,EAST,Region,"6,168,432","70,070","59,564","10,506","179,464","169,183","10,281","45,878","33,485","12,393",-398,"6,201,214",6201214
E06000055,Bedford,Unitary Authority,"169,912","2,250","1,538",712,"9,239","8,474",765,"1,575","1,350",225,9,"171,623",171623
E06000056,Central Bedfordshire,Unitary Authority,"280,030","3,255","2,231","1,024","16,944","14,906","2,038","1,879","1,276",603,-89,"283,606",283606
E06000032,Luton,Unitary Authority,"214,658","3,249","1,596","1,653","8,985","13,229","-4,244","4,102","2,069","2,033",9,"214,109",214109
E06000031,Peterborough,Unitary Authority,"198,914","3,010","1,607","1,403","9,554","10,047",-493,"2,659","1,536","1,123",94,"201,041",201041
E06000033,Southend-on-Sea,Unitary Authority,"181,808","2,187","2,108",79,"8,887","8,509",378,823,620,203,-5,"182,463",182463
E06000034,Thurrock,Unitary Authority,"170,394","2,484","1,292","1,192","9,219","8,691",528,"1,192",786,406,5,"172,525",172525
E10000003,Cambridgeshire,County,"648,237","6,980","5,579","1,401","35,066","34,799",267,"8,977","7,440","1,537",40,"651,482",651482
E07000008,Cambridge,Non-metropolitan District,"124,919","1,362",851,511,"16,241","17,105",-864,"5,764","4,566","1,198",-6,"125,758",125758
E07000009,East Cambridgeshire,Non-metropolitan District,"88,858",948,798,150,"4,929","4,648",281,729,574,155,-82,"89,362",89362
E07000010,Fenland,Non-metropolitan District,"100,776","1,131","1,152",-21,"5,536","5,020",516,749,514,235,-15,"101,491",101491
E07000011,Huntingdonshire,Non-metropolitan District,"176,979","1,907","1,564",343,"9,055","8,837",218,741,"1,058",-317,129,"177,352",177352
E07000012,South Cambridgeshire,Non-metropolitan District,"156,705","1,632","1,214",418,"10,700","10,584",116,994,728,266,14,"157,519",157519
E10000012,Essex,County,"1,468,177","16,457","15,054","1,403","57,150","51,468","5,682","7,065","4,483","2,582",-80,"1,477,764",1477764
E07000066,Basildon,Non-metropolitan District,"184,479","2,437","1,675",762,"9,304","9,041",263,710,353,357,1,"185,862",185862
E07000067,Braintree,Non-metropolitan District,"151,677","1,701","1,583",118,"7,312","7,475",-163,369,443,-74,3,"151,561",151561
E07000068,Brentwood,Non-metropolitan District,"76,575",843,829,14,"4,532","4,674",-142,298,198,100,3,"76,550",76550
E07000069,Castle Point,Non-metropolitan District,"89,814",849,"1,052",-203,"4,558","4,172",386,128,53,75,-2,"90,070",90070
E07000070,Chelmsford,Non-metropolitan District,"176,194","1,958","1,518",440,"9,715","9,371",344,"1,001",778,223,-122,"177,079",177079
E07000071,Colchester,Non-metropolitan District,"190,098","2,216","1,654",562,"12,740","11,809",931,"2,303","1,357",946,-14,"192,523",192523
E07000072,Epping Forest,Non-metropolitan District,"130,576","1,610","1,308",302,"8,221","8,300",-79,699,369,330,8,"131,137",131137
E07000073,Harlow,Non-metropolitan District,"86,191","1,187",759,428,"4,468","4,724",-256,648,418,230,1,"86,594",86594
E07000074,Maldon,Non-metropolitan District,"63,975",621,722,-101,"3,559","3,087",472,149,75,74,5,"64,425",64425
E07000075,Rochford,Non-metropolitan District,"86,209",769,915,-146,"4,800","3,933",867,113,65,48,3,"86,981",86981
E07000076,Tendring,Non-metropolitan District,"144,705","1,343","2,307",-964,"7,318","5,424","1,894",329,157,172,-4,"145,803",145803
E07000077,Uttlesford,Non-metropolitan District,"87,684",923,732,191,"6,198","5,033","1,165",318,217,101,38,"89,179",89179
E10000015,Hertfordshire,County,"1,180,934","14,146","10,097","4,049","55,035","58,239","-3,204","8,351","5,919","2,432",154,"1,184,365",1184365
E07000095,Broxbourne,Non-metropolitan District,"96,762","1,270",794,476,"5,598","5,960",-362,447,451,-4,4,"96,876",96876
E07000096,Dacorum,Non-metropolitan District,"153,316","1,958","1,275",683,"8,212","8,283",-71,914,615,299,53,"154,280",154280
E07000242,East Hertfordshire,Non-metropolitan District,"147,080","1,578","1,198",380,"8,759","8,500",259,885,509,376,10,"148,105",148105
E07000098,Hertsmere,Non-metropolitan District,"104,031","1,204",968,236,"7,275","7,491",-216,677,550,127,27,"104,205",104205
E07000099,North Hertfordshire,Non-metropolitan District,"133,321","1,524","1,335",189,"7,861","8,180",-319,450,425,25,-2,"133,214",133214
E07000240,St Albans,Non-metropolitan District,"147,095","1,689","1,156",533,"8,615","9,060",-445,799,626,173,17,"147,373",147373
E07000243,Stevenage,Non-metropolitan District,"87,739","1,195",770,425,"4,653","5,169",-516,499,390,109,-3,"87,754",87754
E07000102,Three Rivers,Non-metropolitan District,"92,641",945,825,120,"6,296","6,201",95,396,245,151,38,"93,045",93045
E07000103,Watford,Non-metropolitan District,"96,675","1,439",740,699,"6,810","7,680",-870,"1,104",842,262,1,"96,767",96767
E07000241,Welwyn Hatfield,Non-metropolitan District,"122,274","1,344","1,036",308,"9,874","10,633",-759,"2,180","1,266",914,9,"122,746",122746
E10000020,Norfolk,County,"898,390","8,487","10,366","-1,879","32,508","26,450","6,058","5,433","4,179","1,254",-143,"903,680",903680
E07000143,Breckland,Non-metropolitan District,"138,602","1,367","1,697",-330,"7,612","6,568","1,044",698,572,126,-113,"139,329",139329
E07000144,Broadland,Non-metropolitan District,"128,535","1,078","1,493",-415,"7,684","6,417","1,267",225,159,66,11,"129,464",129464
E07000145,Great Yarmouth,Non-metropolitan District,"99,417","1,041","1,264",-223,"4,280","4,282",-2,494,312,182,-4,"99,370",99370
E07000146,King's Lynn and West Norfolk,Non-metropolitan District,"151,945","1,446","1,901",-455,"6,600","6,219",381,721,744,-23,-37,"151,811",151811
E07000147,North Norfolk,Non-metropolitan District,"104,067",737,"1,450",-713,"5,524","4,521","1,003",335,166,169,26,"104,552",104552
E07000148,Norwich,Non-metropolitan District,"140,353","1,531","1,164",367,"13,538","13,741",-203,"2,583","1,927",656,-36,"141,137",141137
E07000149,South Norfolk,Non-metropolitan District,"135,471","1,287","1,397",-110,"9,745","7,177","2,568",377,299,78,10,"138,017",138017
E10000029,Suffolk,County,"756,978","7,565","8,096",-531,"26,520","24,014","2,506","3,822","3,827",-5,-392,"758,556",758556
E07000200,Babergh,Non-metropolitan District,"90,794",742,980,-238,"5,499","4,732",767,238,168,70,8,"91,401",91401
E07000244,East Suffolk,Non-metropolitan District,"246,913","2,158","3,148",-990,"11,638","9,462","2,176",752,592,160,-10,"248,249",248249
E07000202,Ipswich,Non-metropolitan District,"138,480","1,804","1,227",577,"6,383","8,265","-1,882","1,725","1,353",372,-15,"137,532",137532
E07000203,Mid Suffolk,Non-metropolitan District,"101,543",803,"1,056",-253,"6,312","5,175","1,137",221,154,67,-1,"102,493",102493
E07000245,West Suffolk,Non-metropolitan District,"179,248","2,058","1,685",373,"8,592","8,284",308,886,"1,560",-674,-374,"178,881",178881
E12000007,LONDON,Region,"8,825,001","123,594","50,420","73,174","237,275","340,505","-103,230","201,872","89,079","112,793",343,"8,908,081",8908081
E09000007,Camden,London Borough,"253,361","2,498","1,180","1,318","22,670","26,066","-3,396","16,404","5,475","10,929",14,"262,226",262226
E09000001,City of London,London Borough,"7,654",66,36,30,931,"1,011",-80,"1,460",362,"1,098",4,"8,706",8706
E09000012,Hackney,London Borough,"275,929","4,323","1,013","3,310","22,746","24,597","-1,851","5,373","3,114","2,259",18,"279,665",279665
E09000013,Hammersmith and Fulham,London Borough,"182,998","2,347",966,"1,381","20,065","21,214","-1,149","5,648","3,548","2,100",96,"185,426",185426
E09000014,Haringey,London Borough,"271,224","3,824","1,223","2,601","23,359","29,154","-5,795","6,447","3,873","2,574",20,"270,624",270624
E09000019,Islington,London Borough,"235,000","2,871","1,172","1,699","23,020","26,155","-3,135","9,150","3,600","5,550",28,"239,142",239142
E09000020,Kensington and Chelsea,London Borough,"155,741","1,625",786,839,"11,333","13,159","-1,826","4,775","3,340","1,435",8,"156,197",156197
E09000022,Lambeth,London Borough,"324,048","4,083","1,420","2,663","36,269","38,527","-2,258","6,542","5,076","1,466",-2,"325,917",325917
E09000023,Lewisham,London Borough,"301,307","4,662","1,632","3,030","25,064","27,812","-2,748","4,818","2,863","1,955",-8,"303,536",303536
E09000025,Newham,London Borough,"347,996","5,849","1,425","4,424","23,626","32,602","-8,976","12,056","3,514","8,542",19,"352,005",352005
E09000028,Southwark,London Borough,"314,232","4,310","1,365","2,945","30,312","33,342","-3,030","8,714","5,628","3,086",23,"317,256",317256
E09000030,Tower Hamlets,London Borough,"307,964","4,504","1,114","3,390","26,929","29,052","-2,123","13,476","5,054","8,422",52,"317,705",317705
E09000032,Wandsworth,London Borough,"323,257","4,672","1,546","3,126","36,602","38,220","-1,618","6,180","4,298","1,882",-173,"326,474",326474
E09000033,Westminster,London Borough,"244,796","2,506","1,141","1,365","18,632","22,153","-3,521","19,459","6,779","12,680",4,"255,324",255324
E09000002,Barking and Dagenham,London Borough,"210,711","3,820","1,273","2,547","14,258","18,401","-4,143","3,846",967,"2,879",4,"211,998",211998
E09000003,Barnet,London Borough,"387,803","5,186","2,381","2,805","25,364","28,084","-2,720","7,085","2,864","4,221",31,"392,140",392140
E09000004,Bexley,London Borough,"246,124","3,109","2,125",984,"13,688","14,387",-699,"1,273",439,834,15,"247,258",247258
E09000005,Brent,London Borough,"329,102","4,894","1,793","3,101","23,410","30,207","-6,797","9,182","3,816","5,366",23,"330,795",330795
E09000006,Bromley,London Borough,"329,391","4,146","2,708","1,438","18,616","19,276",-660,"1,797",887,910,17,"331,096",331096
E09000008,Croydon,London Borough,"384,837","5,582","2,564","3,018","22,897","27,263","-4,366","3,790","1,936","1,854",3,"385,346",385346
E09000009,Ealing,London Borough,"342,736","4,901","1,969","2,932","24,759","32,000","-7,241","7,303","3,740","3,563",-8,"341,982",341982
E09000010,Enfield,London Borough,"332,705","4,776","2,056","2,720","18,250","22,888","-4,638","4,332","1,262","3,070",12,"333,869",333869
E09000011,Greenwich,London Borough,"282,849","4,386","1,581","2,805","21,293","23,307","-2,014","4,165","1,717","2,448",98,"286,186",286186
E09000015,Harrow,London Borough,"248,880","3,655","1,584","2,071","15,919","19,955","-4,036","4,631","1,429","3,202",32,"250,149",250149
E09000016,Havering,London Borough,"256,039","3,338","2,476",862,"13,735","13,832",-97,"1,597",612,985,21,"257,810",257810
E09000017,Hillingdon,London Borough,"302,343","4,319","2,086","2,233","20,005","23,196","-3,191","5,413","1,908","3,505",-66,"304,824",304824
E09000018,Hounslow,London Borough,"269,100","4,057","1,518","2,539","17,743","22,402","-4,659","5,720","1,879","3,841",-39,"270,782",270782
E09000021,Kingston upon Thames,London Borough,"174,609","2,089","1,108",981,"13,374","15,396","-2,022","3,343","1,474","1,869",33,"175,470",175470
E09000024,Merton,London Borough,"206,052","3,160","1,287","1,873","17,065","20,003","-2,938","3,061","1,872","1,189",10,"206,186",206186
E09000026,Redbridge,London Borough,"301,785","4,622","1,771","2,851","20,406","25,749","-5,343","5,923","1,370","4,553",12,"303,858",303858
E09000027,Richmond upon Thames,London Borough,"195,680","2,376","1,209","1,167","14,806","15,588",-782,"2,044","1,212",832,7,"196,904",196904
E09000029,Sutton,London Borough,"203,243","2,533","1,545",988,"12,303","12,496",-193,"1,111",632,479,8,"204,525",204525
E09000031,Waltham Forest,London Borough,"275,505","4,505","1,367","3,138","18,665","23,850","-5,185","5,754","2,539","3,215",27,"276,700",276700
E12000008,SOUTH EAST,Region,"9,080,825","97,979","83,799","14,180","274,281","263,614","10,667","78,513","50,302","28,211",-258,"9,133,625",9133625
E06000036,Bracknell Forest,Unitary Authority,"120,377","1,430",723,707,"7,078","6,867",211,"1,003",528,475,-94,"121,676",121676
E06000043,Brighton and Hove,Unitary Authority,"288,155","2,630","2,199",431,"22,218","22,617",-399,"6,039","3,845","2,194",14,"290,395",290395
E06000046,Isle of Wight,Unitary Authority,"140,984","1,130","1,817",-687,"5,179","4,174","1,005",429,230,199,37,"141,538",141538
E06000035,Medway,Unitary Authority,"277,616","3,456","2,315","1,141","12,392","13,587","-1,195","1,396","1,123",273,20,"277,855",277855
E06000042,Milton Keynes,Unitary Authority,"267,521","3,542","1,850","1,692","12,841","13,724",-883,"2,378","2,050",328,-51,"268,607",268607
E06000044,Portsmouth,Unitary Authority,"214,718","2,428","1,764",664,"14,018","15,244","-1,226","2,925","2,071",854,123,"215,133",215133
E06000038,Reading,Unitary Authority,"163,075","2,290","1,069","1,221","12,971","15,856","-2,885","3,824","2,012","1,812",-20,"163,203",163203
E06000039,Slough,Unitary Authority,"148,768","2,447",840,"1,607","7,482","9,532","-2,050","2,048","1,266",782,5,"149,112",149112
E06000045,Southampton,Unitary Authority,"252,359","3,083","1,966","1,117","17,712","20,523","-2,811","5,913","3,755","2,158",-27,"252,796",252796
E06000037,West Berkshire,Unitary Authority,"158,473","1,686","1,204",482,"8,230","8,773",-543,836,749,87,28,"158,527",158527
E06000040,Windsor and Maidenhead,Unitary Authority,"150,140","1,623","1,266",357,"9,675","9,774",-99,"1,298",763,535,-27,"150,906",150906
E06000041,Wokingham,Unitary Authority,"164,980","1,702","1,151",551,"12,304","10,561","1,743","1,379",692,687,18,"167,979",167979
E10000002,Buckinghamshire,County,"535,918","5,964","4,526","1,438","28,057","27,061",996,"4,264","2,663","1,601",106,"540,059",540059
E07000004,Aylesbury Vale,Non-metropolitan District,"196,020","2,238","1,539",699,"11,750","10,290","1,460","2,157",957,"1,200",69,"199,448",199448
E07000005,Chiltern,Non-metropolitan District,"95,355",893,885,8,"6,409","5,975",434,405,271,134,-4,"95,927",95927
E07000006,South Bucks,Non-metropolitan District,"69,785",709,680,29,"5,192","5,143",49,448,260,188,-8,"70,043",70043
E07000007,Wycombe,Non-metropolitan District,"174,758","2,124","1,422",702,"9,730","10,677",-947,"1,254","1,175",79,49,"174,641",174641
E10000011,East Sussex,County,"552,259","4,978","6,802","-1,824","21,709","18,749","2,960","2,665","1,471","1,194",1,"554,590",554590
E07000061,Eastbourne,Non-metropolitan District,"103,251",967,"1,393",-426,"6,075","6,009",66,741,473,268,1,"103,160",103160
E07000062,Hastings,Non-metropolitan District,"92,813","1,071","1,026",45,"4,517","4,683",-166,498,331,167,-4,"92,855",92855
E07000063,Lewes,Non-metropolitan District,"102,257",911,"1,158",-247,"5,846","5,224",622,372,248,124,-12,"102,744",102744
E07000064,Rother,Non-metropolitan District,"94,997",741,"1,336",-595,"5,978","5,017",961,427,134,293,0,"95,656",95656
E07000065,Wealden,Non-metropolitan District,"158,941","1,288","1,889",-601,"9,096","7,619","1,477",627,285,342,16,"160,175",160175
E10000014,Hampshire,County,"1,370,728","13,496","13,463",33,"58,366","53,893","4,473","5,620","4,252","1,368",-286,"1,376,316",1376316
E07000084,Basingstoke and Deane,Non-metropolitan District,"175,337","1,936","1,477",459,"8,414","8,602",-188,953,838,115,6,"175,729",175729
E07000085,East Hampshire,Non-metropolitan District,"119,392","1,037","1,267",-230,"7,716","6,428","1,288",454,263,191,40,"120,681",120681
E07000086,Eastleigh,Non-metropolitan District,"130,498","1,391","1,129",262,"7,852","6,814","1,038",311,264,47,-26,"131,819",131819
E07000087,Fareham,Non-metropolitan District,"116,219",982,"1,221",-239,"6,312","5,980",332,276,229,47,-20,"116,339",116339
E07000088,Gosport,Non-metropolitan District,"85,509",895,894,1,"3,702","4,092",-390,211,178,33,130,"85,283",85283
E07000089,Hart,Non-metropolitan District,"95,465",941,758,183,"6,320","5,740",580,432,269,163,-98,"96,293",96293
E07000090,Havant,Non-metropolitan District,"125,065","1,235","1,415",-180,"6,591","5,748",843,288,198,90,-5,"125,813",125813
E07000091,New Forest,Non-metropolitan District,"179,590","1,402","2,304",-902,"8,511","7,798",713,647,335,312,40,"179,753",179753
E07000092,Rushmoor,Non-metropolitan District,"95,817","1,299",709,590,"5,920","7,208","-1,288",663,508,155,-132,"95,142",95142
E07000093,Test Valley,Non-metropolitan District,"123,957","1,280","1,150",130,"7,641","6,580","1,061",491,454,37,-16,"125,169",125169
E07000094,Winchester,Non-metropolitan District,"123,879","1,098","1,139",-41,"10,675","10,191",484,894,716,178,-205,"124,295",124295
E10000016,Kent,County,"1,554,636","17,354","15,443","1,911","59,565","51,556","8,009","9,660","5,673","3,987",80,"1,568,623",1568623
E07000105,Ashford,Non-metropolitan District,"127,527","1,520","1,146",374,"6,638","5,556","1,082",678,397,281,17,"129,281",129281
E07000106,Canterbury,Non-metropolitan District,"164,100","1,350","1,727",-377,"13,545","13,993",-448,"2,345","1,079","1,266",12,"164,553",164553
E07000107,Dartford,Non-metropolitan District,"107,516","1,643",926,717,"8,209","6,853","1,356",495,379,116,4,"109,709",109709
E07000108,Dover,Non-metropolitan District,"115,803","1,112","1,309",-197,"5,552","4,314","1,238",447,338,109,16,"116,969",116969
E07000112,Folkestone and Hythe,Non-metropolitan District,"111,427","1,039","1,345",-306,"5,697","4,467","1,230",394,176,218,9,"112,578",112578
E07000109,Gravesham,Non-metropolitan District,"106,121","1,351",927,424,"5,220","5,641",-421,653,396,257,4,"106,385",106385
E07000110,Maidstone,Non-metropolitan District,"167,730","2,068","1,603",465,"9,687","8,398","1,289","1,356",875,481,-10,"169,955",169955
E07000111,Sevenoaks,Non-metropolitan District,"119,429","1,228","1,107",121,"7,326","6,803",523,503,296,207,13,"120,293",120293
E07000113,Swale,Non-metropolitan District,"146,694","1,742","1,355",387,"6,551","5,658",893,990,409,581,-36,"148,519",148519
E07000114,Thanet,Non-metropolitan District,"141,337","1,597","1,771",-174,"5,718","5,338",380,664,411,253,23,"141,819",141819
E07000115,Tonbridge and Malling,Non-metropolitan District,"128,891","1,515","1,124",391,"8,146","7,077","1,069",449,308,141,16,"130,508",130508
E07000116,Tunbridge Wells,Non-metropolitan District,"118,061","1,189","1,103",86,"6,821","7,003",-182,686,609,77,12,"118,054",118054
E10000025,Oxfordshire,County,"682,444","7,402","5,729","1,673","38,483","37,939",544,"10,218","7,233","2,985",-122,"687,524",687524
E07000177,Cherwell,Non-metropolitan District,"147,602","1,818","1,258",560,"8,967","8,201",766,"1,284","1,011",273,-40,"149,161",149161
E07000178,Oxford,Non-metropolitan District,"154,582","1,643",962,681,"16,974","20,056","-3,082","6,752","4,606","2,146",0,"154,327",154327
E07000179,South Oxfordshire,Non-metropolitan District,"139,767","1,461","1,281",180,"9,091","8,619",472,747,589,158,-73,"140,504",140504
E07000180,Vale of White Horse,Non-metropolitan District,"131,227","1,451","1,152",299,"9,931","8,036","1,895",916,621,295,16,"133,732",133732
E07000181,West Oxfordshire,Non-metropolitan District,"109,266","1,029","1,076",-47,"5,928","5,435",493,519,406,113,-25,"109,800",109800
E10000030,Surrey,County,"1,185,321","12,808","10,183","2,625","62,097","64,573","-2,476","11,182","6,524","4,658",-194,"1,189,934",1189934
E07000207,Elmbridge,Non-metropolitan District,"136,379","1,590","1,170",420,"8,502","8,898",-396,993,760,233,-10,"136,626",136626
E07000208,Epsom and Ewell,Non-metropolitan District,"79,451",934,564,370,"5,658","5,779",-121,551,321,230,-2,"79,928",79928
E07000209,Guildford,Non-metropolitan District,"147,777","1,350","1,109",241,"11,663","13,200","-1,537","3,415","1,816","1,599",-191,"147,889",147889
E07000210,Mole Valley,Non-metropolitan District,"87,128",817,815,2,"5,448","5,461",-13,473,310,163,-27,"87,253",87253
E07000211,Reigate and Banstead,Non-metropolitan District,"146,383","1,719","1,364",355,"9,581","8,910",671,772,527,245,103,"147,757",147757
E07000212,Runnymede,Non-metropolitan District,"86,882",891,729,162,"7,646","7,609",37,"1,668",743,925,-6,"88,000",88000
E07000213,Spelthorne,Non-metropolitan District,"99,120","1,237",852,385,"5,890","6,235",-345,621,464,157,17,"99,334",99334
E07000214,Surrey Heath,Non-metropolitan District,"88,765",835,804,31,"6,001","6,048",-47,467,294,173,-48,"88,874",88874
E07000215,Tandridge,Non-metropolitan District,"87,297",935,815,120,"5,510","5,603",-93,365,191,174,-2,"87,496",87496
E07000216,Waverley,Non-metropolitan District,"125,010","1,212","1,231",-19,"8,717","8,564",153,966,481,485,-19,"125,610",125610
E07000217,Woking,Non-metropolitan District,"101,129","1,288",730,558,"6,253","7,038",-785,891,617,274,-9,"101,167",101167
E10000032,West Sussex,County,"852,353","8,530","9,489",-959,"35,920","30,627","5,293","5,436","3,402","2,034",131,"858,852",858852
E07000223,Adur,Non-metropolitan District,"63,721",639,725,-86,"3,828","3,714",114,240,125,115,5,"63,869",63869
E07000224,Arun,Non-metropolitan District,"158,657","1,410","2,270",-860,"8,593","6,853","1,740",904,616,288,2,"159,827",159827
E07000225,Chichester,Non-metropolitan District,"120,192",974,"1,534",-560,"8,594","7,940",654,854,523,331,133,"120,750",120750
E07000226,Crawley,Non-metropolitan District,"111,664","1,536",780,756,"4,976","5,496",-520,"1,382",826,556,-8,"112,448",112448
E07000227,Horsham,Non-metropolitan District,"140,142","1,309","1,347",-38,"8,703","6,924","1,779",694,362,332,2,"142,217",142217
E07000228,Mid Sussex,Non-metropolitan District,"148,345","1,525","1,395",130,"8,309","7,431",878,863,499,364,-1,"149,716",149716
E07000229,Worthing,Non-metropolitan District,"109,632","1,137","1,438",-301,"6,356","5,708",648,499,451,48,-2,"110,025",110025
E12000009,SOUTH WEST,Region,"5,559,316","55,226","58,939","-3,713","169,578","140,298","29,280","38,225","22,746","15,479",-627,"5,599,735",5599735
E06000022,Bath and North East Somerset,Unitary Authority,"188,678","1,734","1,595",139,"16,746","15,192","1,554","3,029","1,305","1,724",11,"192,106",192106
E06000058,"Bournemouth, Christchurch and Poole",Unitary Authority,"395,638","3,886","4,535",-649,"22,346","23,265",-919,"4,287","2,623","1,664",50,"395,784",395784
E06000023,"Bristol, City of",Unitary Authority,"459,252","5,850","3,466","2,384","34,685","35,098",-413,"7,523","5,411","2,112",70,"463,405",463405
E06000052,Cornwall,Unitary Authority,"561,349","5,146","6,708","-1,562","24,842","19,405","5,437","2,233","1,491",742,2,"565,968",565968
E06000059,Dorset,Unitary Authority,"375,051","2,943","4,751","-1,808","19,753","17,001","2,752","1,366",587,779,-290,"376,484",376484
E06000053,Isles of Scilly,Unitary Authority,"2,259",14,18,-4,215,233,-18,27,21,6,-1,"2,242",2242
E06000024,North Somerset,Unitary Authority,"212,834","2,000","2,441",-441,"9,888","8,743","1,145",865,495,370,11,"213,919",213919
E06000026,Plymouth,Unitary Authority,"263,070","2,820","2,681",139,"14,735","15,171",-436,"1,615",994,621,-294,"263,100",263100
E06000025,South Gloucestershire,Unitary Authority,"279,027","3,182","2,419",763,"17,279","15,211","2,068","1,869","1,056",813,-27,"282,644",282644
E06000030,Swindon,Unitary Authority,"220,363","2,764","1,779",985,"8,406","8,614",-208,"1,792",919,873,-17,"221,996",221996
E06000027,Torbay,Unitary Authority,"135,247","1,257","1,825",-568,"7,091","6,315",776,534,207,327,-2,"135,780",135780
E06000054,Wiltshire,Unitary Authority,"496,043","4,887","4,849",38,"23,008","21,268","1,740","2,158","1,687",471,-228,"498,064",498064
E10000008,Devon,County,"787,171","6,807","9,254","-2,447","39,583","31,495","8,088","4,641","2,183","2,458",16,"795,286",795286
E07000040,East Devon,Non-metropolitan District,"142,265","1,158","1,904",-746,"9,103","6,559","2,544",435,192,243,11,"144,317",144317
E07000041,Exeter,Non-metropolitan District,"128,916","1,243","1,122",121,"13,227","12,943",284,"2,414","1,277","1,137",-30,"130,428",130428
E07000042,Mid Devon,Non-metropolitan District,"80,623",780,821,-41,"5,306","4,386",920,339,163,176,17,"81,695",81695
E07000043,North Devon,Non-metropolitan District,"95,440",889,"1,233",-344,"5,385","4,561",824,314,145,169,21,"96,110",96110
E07000044,South Hams,Non-metropolitan District,"85,340",612,978,-366,"6,084","5,043","1,041",307,117,190,16,"86,221",86221
E07000045,Teignbridge,Non-metropolitan District,"131,437","1,164","1,630",-466,"7,961","6,264","1,697",344,146,198,-22,"132,844",132844
E07000046,Torridge,Non-metropolitan District,"67,821",550,860,-310,"4,255","3,766",489,220,75,145,-2,"68,143",68143
E07000047,West Devon,Non-metropolitan District,"55,329",411,706,-295,"3,680","3,391",289,268,68,200,5,"55,528",55528
E10000013,Gloucestershire,County,"628,139","6,598","6,261",337,"27,041","23,216","3,825","3,510","2,289","1,221",36,"633,558",633558
E07000078,Cheltenham,Non-metropolitan District,"117,128","1,233","1,163",70,"8,612","8,868",-256,"1,096",947,149,-1,"117,090",117090
E07000079,Cotswold,Non-metropolitan District,"87,509",768,953,-185,"6,907","5,451","1,456",526,278,248,-6,"89,022",89022
E07000080,Forest of Dean,Non-metropolitan District,"85,957",761,916,-155,"4,691","4,144",547,292,131,161,33,"86,543",86543
E07000081,Gloucester,Non-metropolitan District,"129,083","1,701","1,131",570,"6,590","7,286",-696,864,514,350,-22,"129,285",129285
E07000082,Stroud,Non-metropolitan District,"118,130","1,084","1,266",-182,"6,492","5,569",923,363,212,151,-3,"119,019",119019
E07000083,Tewkesbury,Non-metropolitan District,"90,332","1,051",832,219,"7,045","5,194","1,851",369,207,162,35,"92,599",92599
E10000027,Somerset,County,"555,195","5,338","6,357","-1,019","23,816","19,927","3,889","2,776","1,478","1,298",36,"559,399",559399
E07000187,Mendip,Non-metropolitan District,"113,513","1,069","1,176",-107,"7,147","6,016","1,131",591,248,343,1,"114,881",114881
E07000188,Sedgemoor,Non-metropolitan District,"122,178","1,174","1,297",-123,"5,915","5,409",506,506,269,237,-7,"122,791",122791
E07000246,Somerset West and Taunton,Non-metropolitan District,"152,288","1,502","1,915",-413,"8,552","6,977","1,575",933,464,469,-53,"153,866",153866
E07000189,South Somerset,Non-metropolitan District,"167,216","1,593","1,969",-376,"8,120","7,443",677,746,497,249,95,"167,861",167861
W92000004,WALES,Country,"3,125,165","31,853","34,476","-2,623","69,115","60,282","8,833","17,470","10,792","6,678",578,"3,138,631",3138631
W06000001,Isle of Anglesey,Unitary Authority,"69,794",694,888,-194,"2,525","2,238",287,127,62,65,9,"69,961",69961
W06000002,Gwynedd,Unitary Authority,"123,742","1,131","1,407",-276,"5,884","5,769",115,"1,160",554,606,-9,"124,178",124178
W06000003,Conwy,Unitary Authority,"116,863","1,033","1,581",-548,"4,970","4,204",766,285,195,90,10,"117,181",117181
W06000004,Denbighshire,Unitary Authority,"95,159",948,"1,232",-284,"4,358","4,052",306,336,178,158,-9,"95,330",95330
W06000005,Flintshire,Unitary Authority,"155,155","1,590","1,518",72,"5,096","4,792",304,590,511,79,-17,"155,593",155593
W06000006,Wrexham,Unitary Authority,"135,571","1,502","1,452",50,"4,073","4,189",-116,618,651,-33,654,"136,126",136126
W06000023,Powys,Unitary Authority,"132,515","1,157","1,617",-460,"5,704","5,415",289,354,275,79,24,"132,447",132447
W06000008,Ceredigion,Unitary Authority,"73,076",572,800,-228,"5,274","5,632",-358,843,343,500,2,"72,992",72992
W06000009,Pembrokeshire,Unitary Authority,"124,711","1,089","1,518",-429,"4,410","3,794",616,333,189,144,13,"125,055",125055
W06000010,Carmarthenshire,Unitary Authority,"186,452","1,806","2,453",-647,"7,241","5,672","1,569",500,330,170,24,"187,568",187568
W06000011,Swansea,Unitary Authority,"245,480","2,415","2,652",-237,"10,765","10,932",-167,"2,682","1,254","1,428",-38,"246,466",246466
W06000012,Neath Port Talbot,Unitary Authority,"142,090","1,460","1,720",-260,"5,874","5,062",812,406,137,269,-5,"142,906",142906
W06000013,Bridgend,Unitary Authority,"144,288","1,504","1,670",-166,"4,815","4,055",760,274,198,76,-82,"144,876",144876
W06000014,Vale of Glamorgan,Unitary Authority,"130,690","1,315","1,362",-47,"5,946","4,685","1,261",530,240,290,-29,"132,165",132165
W06000015,Cardiff,Unitary Authority,"362,756","4,067","2,990","1,077","21,838","23,334","-1,496","5,903","3,994","1,909",2,"364,248",364248
W06000016,Rhondda Cynon Taf,Unitary Authority,"239,127","2,588","2,618",-30,"7,662","7,019",643,742,339,403,-12,"240,131",240131
W06000024,Merthyr Tydfil,Unitary Authority,"59,953",698,645,53,"1,668","1,508",160,144,116,28,-11,"60,183",60183
W06000018,Caerphilly,Unitary Authority,"180,795","1,943","1,847",96,"5,167","5,100",67,166,163,3,58,"181,019",181019
W06000019,Blaenau Gwent,Unitary Authority,"69,609",748,901,-153,"2,112","1,873",239,107,79,28,-10,"69,713",69713
W06000020,Torfaen,Unitary Authority,"92,264",971,"1,045",-74,"3,260","2,442",818,112,71,41,0,"93,049",93049
W06000021,Monmouthshire,Unitary Authority,"93,590",712,"1,017",-305,"4,998","4,251",747,257,170,87,23,"94,142",94142
W06000022,Newport,Unitary Authority,"151,485","1,910","1,543",367,"6,912","5,701","1,211","1,001",743,258,-19,"153,302",153302
S92000003,SCOTLAND,Country,"5,424,800","52,248","59,911","-7,663","47,700","37,700","10,000","32,900","22,000","10,900",63,"5,438,100",5438100
S12000033,Aberdeen City,Council Area,"228,800","2,342","2,270",72,"7,710","10,210","-2,500","2,980","1,800","1,180",8,"227,560",227560
S12000034,Aberdeenshire,Council Area,"261,800","2,726","2,518",208,"6,530","7,090",-560,600,640,-40,62,"261,470",261470
S12000041,Angus,Council Area,"116,280","1,004","1,415",-411,"3,670","3,430",250,220,270,-50,-29,"116,040",116040
S12000035,Argyll and Bute,Council Area,"86,810",655,"1,133",-478,"3,830","3,780",50,300,440,-130,8,"86,260",86260
S12000036,City of Edinburgh,Council Area,"513,210","5,032","4,518",514,"21,730","21,410",320,"9,000","4,690","4,310",156,"518,500",518500
S12000005,Clackmannanshire,Council Area,"51,450",521,566,-45,"1,630","1,630",-10,110,140,-20,25,"51,400",51400
S12000006,Dumfries and Galloway,Council Area,"149,200","1,257","2,047",-790,"3,760","3,200",570,260,440,-180,0,"148,790",148790
S12000042,Dundee City,Council Area,"148,710","1,469","1,791",-322,"5,610","5,820",-210,"1,320",750,570,12,"148,750",148750
S12000008,East Ayrshire,Council Area,"121,940","1,202","1,529",-327,"3,300","2,960",330,110,210,-100,-3,"121,840",121840
S12000045,East Dunbartonshire,Council Area,"108,130",980,"1,154",-174,"3,870","3,360",510,100,240,-140,4,"108,330",108330
S12000010,East Lothian,Council Area,"104,840",979,"1,180",-201,"4,080","3,100",980,420,250,170,1,"105,790",105790
S12000011,East Renfrewshire,Council Area,"94,760",852,968,-116,"3,690","3,090",600,100,180,-80,6,"95,170",95170
S12000014,Falkirk,Council Area,"160,130","1,541","1,742",-201,"3,960","3,550",410,330,310,20,-19,"160,340",160340
S12000047,Fife,Council Area,"371,410","3,489","4,178",-689,"9,590","8,620",980,"1,570","1,300",270,-51,"371,910",371910
S12000049,Glasgow City,Council Area,"621,020","6,600","6,559",41,"24,110","24,050",60,"9,970","4,670","5,310",-11,"626,410",626410
S12000017,Highland,Council Area,"235,180","2,045","2,624",-579,"6,720","5,790",940,750,720,30,-31,"235,540",235540
S12000018,Inverclyde,Council Area,"78,760",662,"1,080",-418,"1,390","1,510",-120,80,140,-60,-12,"78,150",78150
S12000019,Midlothian,Council Area,"90,090","1,096",915,181,"3,600","2,550","1,040",190,150,40,-21,"91,340",91340
S12000020,Moray,Council Area,"95,780",838,"1,032",-194,"2,860","2,690",170,220,340,-120,-116,"95,520",95520
S12000013,Na h-Eileanan Siar,Council Area,"26,950",210,353,-143,810,770,40,50,70,-20,3,"26,830",26830
S12000021,North Ayrshire,Council Area,"135,790","1,210","1,781",-571,"3,420","3,260",170,160,270,-110,11,"135,280",135280
S12000050,North Lanarkshire,Council Area,"339,960","3,480","3,843",-363,"7,330","6,630",700,480,630,-150,33,"340,180",340180
S12000023,Orkney Islands,Council Area,"22,000",179,249,-70,780,510,260,50,60,-10,10,"22,190",22190
S12000048,Perth and Kinross,Council Area,"151,100","1,236","1,750",-514,"5,320","4,810",510,680,530,150,44,"151,290",151290
S12000038,Renfrewshire,Council Area,"176,830","1,746","2,147",-401,"5,530","4,370","1,160",640,450,180,21,"177,790",177790
S12000026,Scottish Borders,Council Area,"115,020","1,005","1,423",-418,"4,280","3,470",810,250,380,-130,-12,"115,270",115270
S12000027,Shetland Islands,Council Area,"23,080",213,225,-12,520,590,-60,60,70,-10,2,"22,990",22990
S12000028,South Ayrshire,Council Area,"112,680",929,"1,555",-626,"3,500","2,950",540,210,260,-50,-4,"112,550",112550
S12000029,South Lanarkshire,Council Area,"318,170","3,191","3,657",-466,"8,860","7,350","1,520",450,660,-220,16,"319,020",319020
S12000030,Stirling,Council Area,"94,000",794,925,-131,"4,570","4,220",340,630,470,160,-49,"94,330",94330
S12000039,West Dunbartonshire,Council Area,"89,610",861,"1,123",-262,"2,300","2,450",-150,100,160,-60,-8,"89,130",89130
S12000040,West Lothian,Council Area,"181,310","1,904","1,661",243,"4,720","4,370",370,560,340,220,7,"182,140",182140
N92000002,NORTHERN IRELAND,Country,"1,870,834","23,056","16,365","6,691","10,450","10,235",215,"13,100","9,182","3,918",-17,"1,881,641",1881641
N09000001,Antrim and Newtownabbey,Local Government District,"141,697","1,652","1,242",410,"4,683","4,564",119,741,600,141,125,"142,492",142492
N09000011,Ards and North Down,Local Government District,"160,098","1,492","1,650",-158,"4,196","3,547",649,523,334,189,86,"160,864",160864
N09000002,"Armagh City, Banbridge and Craigavon",Local Government District,"211,898","2,901","1,721","1,180","5,066","4,927",139,"1,886",740,"1,146",-273,"214,090",214090
N09000003,Belfast,Local Government District,"340,220","4,202","3,201","1,001","16,756","17,251",-495,"4,989","4,085",904,247,"341,877",341877
N09000004,Causeway Coast and Glens,Local Government District,"143,920","1,561","1,244",317,"4,557","4,681",-124,379,453,-74,207,"144,246",144246
N09000005,Derry City and Strabane,Local Government District,"150,497","1,950","1,239",711,"3,535","4,029",-494,441,552,-111,76,"150,679",150679
N09000006,Fermanagh and Omagh,Local Government District,"116,289","1,527",968,559,"2,917","3,119",-202,575,362,213,-24,"116,835",116835
N09000007,Lisburn and Castlereagh,Local Government District,"142,640","1,808","1,230",578,"6,274","5,182","1,092",532,449,83,-12,"144,381",144381
N09000008,Mid and East Antrim,Local Government District,"138,152","1,525","1,391",134,"3,507","3,471",36,924,428,496,-45,"138,773",138773
N09000009,Mid Ulster,Local Government District,"146,427","2,115","1,092","1,023","3,634","3,896",-262,969,506,463,-259,"147,392",147392
N09000010,"Newry, Mourne and Down",Local Government District,"178,996","2,323","1,387",936,"4,275","4,518",-243,"1,141",673,468,-145,"180,012",180012
